rainfall,water_table_level,market_trend,final_score
12.5,6.772874778442535,217852.6735973232,65358.511229108335
8.2,5.748907764766082,106995.39178288214,32100.91709797055
0.0,0.0,180597.411508,54179.223452399994
3.7,3.6367296658844066,256479.75790747226,76945.38206410802
21.1,26.857950972129565,190936.882890546,57291.80804755265
15.3,22.55886034923022,214253.00119779803,64284.9239034791
6.8,8.425468194323148,223335.7053266585,67004.08178527528
0.0,0.0,206003.31057499757,61800.993172499264
11.2,14.595962885009714,254584.2326486766,76381.10817975698
18.6,10.437674702143115,198838.8473168986,59655.82926495044
9.5,4.958123557651576,165587.2651643253,49678.162798720645
2.1,1.486762983692501,178624.62103512883,53587.981015732126
0.0,0.0,163271.95956240906,48981.587868722716
7.4,8.754844116911341,155956.45478258477,46790.4383724222
14.9,20.41599041696232,193657.63917196603,58105.458147756595
19.2,14.020989909983166,560658.4590718829,168203.14611752884
5.6,7.623946780594756,161591.36186222726,48480.45813738041
0.0,0.0,383961.0257931581,115188.30773794743
10.8,10.724717454062091,146236.2626023991,43875.16866770136
16.3,22.31311525742651,229991.9575833833,69006.51252111795
3.9,5.6431702478506045,187527.68030414125,56260.56135934152
0.0,0.0,155155.7271460535,46546.718143816055
7.1,4.101554801564192,220969.79287553896,66292.57848458231
12.7,14.905103698496946,163136.14984835297,48946.80699598529
18.4,24.81423687325168,155755.6982912598,46736.63518212723
9.8,7.507561667451134,142716.85140108838,42818.05844499349
0.0,0.0,114934.60097723089,34480.38029316926
6.2,3.8095270158773595,106627.35408516643,31989.730036356275
15.5,11.867133256537398,175610.55428983434,52687.91314025292
21.8,28.427374928985337,86804.09571349344,26052.599664019628
11.6,10.155315343977172,96438.29852147453,28935.551682579946
0.0,0.0,96145.36849597105,28843.610548791316
4.3,4.693232205383772,132221.4666067851,39668.31727491769
9.1,10.918925446179626,154007.75401862108,46206.6937757648
17.9,16.823242129383072,130128.5126745379,39045.28309921312
7.5,8.012698993345214,157626.3744564358,47291.117416528075
0.0,0.0,378092.2693741313,113427.68081223938
5.8,8.144171303742565,280711.53946188634,84216.7195070874
13.2,6.644936540017909,373650.6978821506,112097.86733926118
19.6,9.890925003391695,265150.7420993487,79549.17899980595
10.4,7.543917170219878,204688.39133835144,61409.53496837352
0.0,0.0,283212.64052958036,84963.7921588741
6.7,4.7003708205702806,263335.07757705764,79002.40342144552
14.8,15.41628419586713,192891.4321407009,57873.59615588862
20.5,22.392866664399488,592732.0119244332,177828.5607239957
8.3,10.503567314097708,229511.27423150826,68857.5836963781
0.0,0.0,533167.0989511686,159950.12968535058
5.1,3.0731083610188374,332208.7888336695,99663.86589344525
11.9,15.780746705900402,289341.3936327058,86808.73038849409
17.3,22.538856218180058,225464.88527470033,67648.48112489737
9.6,11.556998542043537,165485.37944581194,49650.23663316039
0.0,0.0,179578.35236344335,53873.505709033
7.4,8.150367273452439,145583.68215114926,43678.36479225416
,,177666.77908334832,
,,166598.48509286394,
,,237955.2524986018,
,,183758.05555124092,
,,180660.3374010516,
,,229003.85943269738,
,,328341.53633572545,
,,329412.295701979,
,,237068.2226174105,
,,311768.03700850677,
,,304660.91467624676,
,,203600.7614749614,
,,411267.88640625635,
,,242537.25413753878,
,,194293.34717701806,
,,199468.24734571396,
,,286827.45603299275,
,,231720.00031883758,
,,275464.79335324815,
,,253869.27846951236,
,,194284.3303073124,
,,189078.96521042896,
,,146179.7052759479,
,,185849.5104754842,
,,102155.20380005591,
,,127883.92749327043,
,,213942.9435984742,
,,138902.58823387307,
,,173303.09963177072,
,,63578.72842737327,
,,121877.18685491751,
,,161217.40568141363,
,,147179.4703465265,
,,132650.22448413476,
,,136875.5997418146,
,,138963.37664902429,
,,163294.14184906578,
,,180759.8917925159,
,,389544.71570227906,
,,273788.2893739383,
,,273431.34438631835,
,,207716.74924034326,
,,160694.5577874638,
,,156461.02027218917,
,,149462.66346910325,
,,166312.26465340957,
,,208627.16238821365,
,,186361.22325167962,
,,187107.70391483486,
,,145393.8497210128,
,,140899.78224833697,
,,289996.11845244915,
,,246624.4070774428,
,,153139.3270984788,
,,219131.9513093618,
,,141219.96950809963,
,,213601.7203087038,
,,228585.27364898447,
,,236496.96024727248,
,,189382.88477208943,
,,229351.9831271352,
,,185510.8897220183,
,,213008.41927426314,
,,166145.43802254356,
,,153195.5872798258,
,,147893.74381174208,
,,134213.3193934975,
,,161491.35721295798,
,,177255.6013061267,
,,129209.77834292746,
,,188975.18934407723,
,,129778.7893435904,
,,76430.66757555009,
,,135361.82785071398,
,,185657.87517869798,
,,155794.43539038143,
,,111403.66277311607,
,,74342.91049614518,
,,130854.68145659851,
,,145329.75682129312,
,,142585.35444516904,
,,178662.92123606885,
,,155069.03929783427,
,,184760.12507605107,
,,179301.855789201,
,,138370.06512227573,
,,225280.6635986741,
,,136787.80915349966,
,,177122.4125017993,
,,153363.86990399475,
,,134298.5398268004,
,,145676.93565808327,
,,155820.47754156083,
,,106614.31670297968,
,,165445.9299807938,
,,101805.77339345874,
,,122243.98136546483,
,,110642.27736167183,
,,124847.60581731226,
,,108594.81014363527,
,,102248.49183861222,
,,107091.29496773392,
,,145742.05385175347,
,,131108.8152474007,
,,97188.60186799752,
,,143118.9041199399,
,,159233.03048807624,
,,246199.47612102414,
,,138500.15729489387,
,,161923.11118129207,
,,156218.6228070618,
,,127503.07019019683,
,,164362.41911832418,
,,143140.80757148835,
,,196965.3459216979,
,,145016.7435746552,
,,86327.34950460106,
,,101711.10009405299,
,,106133.85979720387,
,,119068.53493400192,
,,129193.25016394917,
,,104211.06188895518,
,,73151.92559326753,
,,125181.7324444128,
,,125335.43185514367,
,,128202.06157271944,
,,125585.18734866299,
,,109353.44739384271,
,,13156.253581351162,
,,107082.33330136925,
,,139269.46741900788,
,,144909.39060449437,
,,259614.13179413087,
,,82007.06329711528,
,,136330.42253844443,
,,131599.11814901297,
,,119284.6762125574,
,,146972.010506825,
,,128324.28228902197,
,,212110.81261335398,
,,83522.57169046791,
,,140422.37439415616,
,,119644.74845615948,
,,125160.1167463481,
,,144567.3515759322,
,,134877.27028906922,
,,137123.9515235737,
,,100867.29411480251,
,,150614.1104717849,
,,142372.87967290872,
,,167802.3943915464,
,,110431.56542323058,
,,117240.94222120562,
,,52784.621053306626,
,,139194.0177797849,
,,229830.77560390497,
,,155913.51376606073,
,,109136.0607814402,
,,91219.63924779199,
,,99419.69631541443,
,,97813.88379086748,
,,124216.99564642737,
,,90516.5421537239,
,,142938.2984515173,
,,130992.01458405526,
,,119108.86742690447,
,,126248.66412658311,
,,114891.3723092689,
,,152363.711145182,
,,124676.12236084828,
,,149775.43370092282,
,,144983.283279644,
,,171841.02662980946,
,,177509.2724051603,
,,168688.68522505995,
,,332503.5563554871,
,,270569.23845560884,
,,89297.79151981669,
,,121235.92960810353,
,,250958.19706863925,
,,238830.4892875542,
,,125525.70989711881,
,,86737.57098172279,
,,155855.5147637768,
,,118041.92815718237,
,,133240.96463837798,
,,127531.89615383012,
,,190593.2331847863,
,,333922.91441569914,
,,114900.77968748596,
,,77066.05483946826,
,,170927.23608837914,
,,250956.46483788686,
,,219192.4899622185,
,,239532.79897285032,
,,155565.87895252535,
,,255031.8186168924,
,,222188.127840447,
,,203118.96459156918,
,,180240.79207933418,
,,302627.2590489312,
,,150640.12609579283,
,,157636.19933034756,
,,156263.08945757436,
,,204019.00804921097,
,,184957.97298600705,
,,160372.67812580316,
,,164727.6386616386,
,,117483.87534171867,
,,139535.62228056323,
,,313690.28074882604,
,,253275.2294180507,
,,241706.4298165694,
,,239827.8105579716,
,,214484.73836917029,
,,150511.48528885748,
,,154816.37272437892,
,,235166.019661535,
,,198569.38826091867,
,,174223.75886526366,
,,90450.50271905036,
,,156974.30177886336,
,,92748.60697598034,
,,148595.7691034906,
,,57748.42595902342,
,,137546.07170137812,
,,116156.74516786705,
,,98520.971252939,
,,135267.37426101294,
,,110301.54555295652,
,,77042.44694960007,
,,144510.23759141017,
,,102234.66553589627,
,,134762.1277848769,
,,54178.55524430811,
,,133024.33445511505,
,,117009.89388053035,
,,166591.5868828856,
,,91703.98815074074,
,,153897.4378641749,
,,259395.75735075373,
,,202724.6229163163,
,,284255.5845182952,
,,342268.1945357741,
,,199337.83786432544,
,,200255.85487025438,
,,150711.40790737345,
,,284971.1145819961,
,,120069.86112367999,
,,82912.60785125695,
,,102800.81967075675,
,,63569.47519390045,
,,107321.9843666079,
,,51050.93086006381,
,,53577.55907032044,
,,234019.8860810479,
,,261620.3640527125,
,,178698.85144118057,
,,191080.13450746555,
,,182589.60738584524,
,,164043.80442929146,
,,170504.53896593268,
,,204682.0883486161,
,,169190.65141745852,
,,175282.0385708981,
,,258778.99243558547,
,,232574.10944424118,
,,184045.1066874371,
,,360041.58592036803,
,,155649.0827268239,
,,185666.1392093486,
,,130729.17288950144,
,,181822.0104150367,
,,78344.69786403172,
,,123585.71035565401,
,,79214.2700790128,
,,76555.1293324568,
,,81208.53134929942,
,,84870.55372299594,
,,93406.71043985957,
,,136925.54343277682,
,,158122.67819390268,
,,155356.31062654292,
,,167893.59369508942,
,,135107.12921364675,
,,147591.38275536103,
,,266685.1110887754,
,,218730.64437387898,
,,124612.75600337288,
,,155181.38592911186,
,,374611.06780152064,
,,195627.618374763,
,,283076.3894445385,
,,200762.42145095818,
,,407281.04749155114,
,,165053.48822717858,
,,411444.96376549714,
,,277982.9863929369,
,,234645.83996915288,
,,262011.85140659657,
,,163631.6095451311,
,,201473.1787806208,
,,174477.79169979692,
,,174047.42802904584,
,,185311.70311477306,
,,185430.75816043647,
,,163371.39807809892,
,,194749.02827208553,
,,189195.0841666877,
,,171720.33064850813,
,,246366.9129029567,
,,172438.75539349896,
,,204902.6669487466,
,,453644.81928466534,
,,409048.33797914744,
,,274553.77891895355,
,,178497.8243250035,
,,255829.0190988692,
,,170021.5238047752,
,,77361.01704150245,
,,223272.19069071297,
,,162015.17478518808,
,,192205.25369597142,
,,229025.38982818686,
,,176419.3106255927,
,,194965.23265070003,
,,301878.3155873769,
,,143937.1483183185,
,,145403.65439699194,
,,206208.69069091056,
,,260683.74661135976,
,,252204.08243268414,
,,228833.04326797285,
,,245088.3670709803,
,,206705.83619127845,
,,160710.3369695859,
,,149087.1071860395,
,,155457.62510202007,
,,151895.13691900688,
,,130923.46514620901,
,,143427.10696763865,
,,163841.6529331451,
,,139549.8890331516,
,,132197.45275998197,
,,69933.5309869054,
,,119698.5739020977,
,,118608.37859922572,
,,97767.13877487138,
,,125900.5612961851,
,,111594.80913400197,
,,132806.5675639119,
,,104354.87660510172,
,,98607.69238831138,
,,124050.25861682768,
,,115833.96244236398,
,,146732.59895644538,
,,159312.92475356083,
,,158258.405227658,
,,115543.92645458634,
,,154288.69760248662,
,,135120.6701987814,
,,161410.76787903672,
,,145714.3141215492,
,,131009.68016896672,
,,134265.77064733708,
,,99217.08042187773,
,,150040.47408017147,
,,327895.16129272693,
,,435121.73671782494,
,,471075.6599447494,
,,535945.7907797002,
,,343320.5505135901,
,,245929.1349902244,
,,270404.4177196088,
,,394641.48665121,
,,344959.2824214122,
,,388361.1295812705,
,,392392.34430946124,
,,471520.9689004189,
,,602530.5509518634,
,,614481.2438491918,
,,376590.07924217597,
,,312915.75062486756,
,,375416.16983703605,
,,236032.59478051282,
,,302972.2505942491,
,,276345.48194131476,
,,310916.96650003473,
,,333368.4971809818,
,,336583.79737510113,
,,278402.5128841156,
,,294480.8308470664,
,,263614.50990080385,
,,236170.29202907401,
,,353643.21148092434,
,,404445.0055191745,
,,285301.6337101566,
,,238117.4692706067,
,,226246.3784957189,
,,185639.3618930981,
,,196167.45765119026,
,,212875.72637985702,
,,213935.869753748,
,,548194.0799498771,
,,351230.684029206,
,,344896.76643256267,
,,231699.90840829723,
,,299033.4388979987,
,,248203.98646036463,
,,170692.4145247267,
,,155998.06163738048,
,,176615.31363780837,
,,176941.69163986883,
,,178143.46590272457,
,,191066.21679521966,
,,183928.80863254573,
,,160492.7494265346,
,,177240.7018498562,
,,192325.15175968205,
,,168020.77668841826,
,,148611.7637539704,
,,206982.96665558638,
,,211166.6966272688,
,,180509.92847156298,
,,174824.3515292786,
,,188689.41086687281,
,,199071.5355404851,
,,207413.4884485061,
,,189915.32391717003,
,,219666.07974691907,
,,256015.52589419327,
,,253208.1334344422,
,,259424.2291733933,
,,151145.61022814215,
,,175832.1543317255,
,,191745.7807667217,
,,154673.64735666104,
,,263425.3889168805,
,,176637.41635656028,
,,229261.5336726199,
,,178453.92191251073,
,,358572.974072335,
,,390815.1096422633,
,,343825.05777249055,
,,309110.027595261,
,,304959.0173720393,
,,247316.97436616253,
,,297522.6298390833,
,,250132.84438274644,
,,241439.82996240447,
,,261260.09947410863,
,,433833.5811409543,
,,266344.6291162529,
,,250677.6386366328,
,,271259.63763267826,
,,233707.8147229742,
,,304917.971115988,
,,266603.8346892717,
,,261409.7481047056,
,,241047.27463135612,
,,428358.92149473325,
,,271644.5742717878,
,,198619.83647174787,
,,212830.64518130993,
,,241950.73621769535,
,,248486.0708689081,
,,223663.99353367992,
,,272947.1965945228,
,,349516.3919492427,
,,216037.81006019414,
,,290332.4392655784,
,,255396.63273479725,
,,254198.2740651224,
,,225021.44382690892,
,,265813.7082250894,
,,280249.56541596894,
,,258363.05280632104,
,,173642.476622261,
,,237120.20513151682,
,,221934.84884972995,
,,166075.84826573482,
,,152136.0679009579,
,,140195.63206747407,
,,190549.83408847754,
,,191004.32202041103,
,,176923.83840659773,
,,169341.0834392491,
,,132673.44674714285,
,,166270.62517418683,
,,210395.86197924314,
,,202000.73191437268,
,,242486.96441362097,
,,181472.65570636487,
,,177564.82046952323,
,,119261.29711024076,
,,145422.42291278412,
,,169957.14129758274,
,,152990.61707666647,
,,145615.98726490155,
,,86376.6887437781,
,,74111.12573088621,
,,120206.27084132253,
,,138338.74201654363,
,,137455.0278722347,
,,125900.47700812253,
,,120911.82465625768,
,,126596.50741409053,
,,123418.15816832436,
,,61496.809672435076,
,,118186.86039532718,
,,300364.0223022681,
,,215613.31394338285,
,,272576.14765166905,
,,157499.9496292309,
,,180209.0572693489,
,,237300.5105295512,
,,176365.27706817325,
,,161053.2995273204,
,,164283.82665414186,
,,163406.84629596194,
,,170098.49713011816,
,,344190.3741321858,
,,193635.92456983952,
,,259685.13220363032,
,,195435.4083388782,
,,154300.00364897534,
,,145860.71007127987,
,,195916.15577808136,
,,200928.94551813288,
,,189832.47993523086,
,,196437.218648223,
,,157065.0246992892,
,,231660.88573622992,
,,213489.98707523404,
,,152594.47448859896,
,,117885.44207983394,
,,240759.3413564406,
,,181848.75026307246,
,,207406.2901985497,
,,210261.92323725592,
,,121550.59194284378,
,,135284.4716028046,
,,115040.98442391062,
,,159382.54696153785,
,,184128.42662465645,
,,147293.42693864,
,,129794.990299856,
,,115508.60544069228,
,,120404.52113784335,
,,148535.50925262005,
,,174293.89624803027,
,,115560.13169776126,
,,153278.42805532267,
,,163899.45902126224,
,,146998.94485166206,
,,151875.48856882192,
,,184568.8495536275,
,,162540.72688359523,
,,119366.32442281961,
,,171903.9942518959,
,,124777.295984267,
,,76026.05971289484,
,,101950.11038071357,
,,139381.6926761574,
,,160760.90284227525,
,,150964.71189935203,
,,120700.32051780308,
,,141629.5266594733,
,,153605.3948344105,
,,114199.54051518704,
,,187637.5061592,
,,161812.40649253,
,,248944.69628242825,
,,211170.8005727875,
,,179808.55702217147,
,,99364.54971433524,
,,95515.84955105234,
,,164974.2526294232,
,,169066.68802522964,
,,169368.91495107644,
,,163280.73776669276,
,,152188.83234902486,
,,145354.67328637667,
,,122349.17338058822,
,,153234.19155100657,
,,150961.7403677924,
,,165887.2502219461,
,,148539.14039974977,
,,135724.14858819637,
,,130960.15725806338,
,,119871.89655060807,
,,129006.36601605425,
,,113017.51058100919,
,,159447.2211844486,
,,103527.72746000126,
,,141375.9304083462,
,,103290.74766768812,
,,86964.00958905947,
,,140578.2103013241,
,,137534.70058226105,
,,119465.43171667983,
,,94858.06051281297,
,,147429.13474973102,
,,148062.40057437794,
,,108923.38542429262,
,,103254.10169999785,
,,137099.8300848012,
,,130875.15654240713,
,,146884.08406776015,
,,61623.58716338663,
,,96566.39518651394,
,,111502.55242675164,
,,74026.44393834965,
,,175182.16912770472,
,,142921.8937712223,
,,178848.80181924382,
,,207387.81665020235,
,,144916.22032220504,
,,127706.65847101614,
,,152798.19773576077,
,,153483.81720183935,
,,102310.77655741798,
,,124137.0916589595,
,,100052.98012773533,
,,121121.63275396674,
,,82334.27396206468,
,,142531.33003957916,
,,135930.42216968627,
,,140116.36967273252,
,,116092.26989005736,
,,131864.6649657811,
,,127824.13808357758,
,,146136.09214444397,
,,136965.1924609972,
,,156527.87053158728,
,,150037.03385419975,
,,114772.10711268247,
,,105456.86412977042,
,,112736.93431590789,
,,116473.72213293058,
,,125369.91303281064,
,,104912.98035058331,
,,62579.425806167324,
,,128500.31079074828,
,,119485.06274866972,
,,143720.18898221097,
,,103197.78836779161,
,,93625.50573619042,
,,132643.11683849595,
,,146463.16423415873,
,,102601.47406780825,
,,100990.58197204044,
,,116765.29971416747,
,,90747.30490531285,
,,80948.72095891548,
,,41018.10191173586,
,,35426.17826620944,
,,94381.38168931079,
,,100910.86371876547,
,,115634.5914262007,
,,94920.40495289229,
,,109715.52933770967,
,,109800.41948868825,
,,279134.64906095684,
,,169251.99393119945,
,,115995.18189087756,
,,164066.9417311116,
,,53940.684762523495,
,,134806.0056837334,
,,92999.12085813835,
,,130035.78165716573,
,,125763.25976140497,
,,147602.497114532,
,,36332.7520525823,
,,40264.69989302463,
,,218299.01196289787,
,,148857.40296824533,
,,188419.33406380942,
,,140258.0128956392,
,,120853.75737167361,
,,136242.29045784127,
,,133665.0069468756,
,,107437.71728879918,
,,127042.56460806912,
,,85520.83272237197,
,,129338.12994407586,
,,107571.24603014065,
,,140455.7781213224,
,,141243.6283998266,
,,65863.00463059222,
,,103058.730541753,
,,117223.89758909102,
,,135266.38325067353,
,,129193.71791449228,
,,211163.45411419508,
,,172151.10381892422,
,,156232.42147237994,
,,148626.85176561473,
,,183502.94296057356,
,,102027.78132920942,
,,68420.99018772795,
,,157630.8615028157,
,,107644.46515390511,
,,123898.56663671148,
,,103250.27819546236,
,,123530.12023313434,
,,69818.04833339929,
,,125890.28927513787,
,,88539.4143799922,
,,186946.44957838647,
,,178217.5012963976,
,,172655.65069718336,
,,66414.16655422699,
,,110845.6157332965,
,,62962.625541328925,
,,173839.1174590977,
,,151062.87325433767,
,,162251.73648000858,
,,118071.5341140967,
,,117620.98174091401,
,,136772.1420197539,
,,123132.79472170348,
,,144879.2324923908,
,,133370.76120213905,
,,155799.35715271294,
,,161466.9917515996,
,,173028.61828464273,
,,67796.84384182161,
,,147104.0692997629,
,,147063.82502020104,
,,147082.21083355296,
,,84175.30084930196,
,,184298.57661915882,
,,140645.94046626065,
,,118234.101362101,
,,132948.7070590488,
,,119748.0234915876,
,,55982.57285361463,
,,163107.41028689194,
,,102021.99904499733,
,,134797.6589737215,
,,88855.34955870626,
,,140674.62862728912,
,,136818.6941823417,
,,108519.27652375249,
,,100726.95570206075,
,,151216.9794848108,
,,153392.5218901892,
,,291649.9483892131,
,,265830.0163269711,
,,199130.3459185349,
,,256279.74039999634,
,,219007.2462161342,
,,136729.5861313644,
,,115096.67643825083,
,,151005.82896758823,
,,154852.44924501097,
,,129638.85277444911,
,,124414.83278814098,
,,133731.21377697843,
,,155903.61272127632,
,,119987.13426138378,
,,276281.1353626121,
,,277914.34325445653,
,,290052.5376762242,
,,297091.6624522269,
,,304036.2926244036,
,,301365.4943532045,
,,349015.2337572395,
,,228895.03357600918,
,,226519.1300044132,
,,298720.53052252025,
,,240351.5435865896,
,,233577.2818683624,
,,205078.05293173122,
,,230807.8846778329,
,,176856.44304005435,
,,221188.61747839773,
,,186452.2047286437,
,,290768.82172512024,
,,253992.79041825875,
,,182498.18548779938,
,,146611.65845583563,
,,144293.48224288836,
,,247761.07408556846,
,,194789.5250216732,
,,204880.11568931874,
,,143163.49897314954,
,,128185.98035416813,
,,198058.27873426574,
,,223180.5854631254,
,,201391.41842450283,
,,191228.36484627877,
,,186570.06553699347,
,,212421.46983437426,
,,250990.94738110117,
,,184476.69926236902,
,,206025.8726969374,
,,205513.15458609248,
,,131502.56751935228,
,,138245.23475586044,
,,147462.2611355373,
,,165525.97133452632,
,,124361.63472046141,
,,136115.4852518411,
,,124833.567519109,
,,112732.83030293872,
,,144395.8873705753,
,,132494.1278676127,
,,239956.9312399484,
,,267752.3792879702,
,,222810.9413503622,
,,272495.18526162085,
,,331257.7347149746,
,,195961.86960011462,
,,228614.23589196705,
,,237017.63667012582,
,,194530.63504078105,
,,304990.8783617736,
,,202146.593064494,
,,211738.89545017044,
,,193551.48301404825,
,,166611.6949108283,
,,225976.12169268,
,,149470.6429049751,
,,141053.37723066454,
,,293707.4255284847,
,,172636.51546771577,
,,196590.07040913717,
,,176661.894879381,
,,182960.71534844104,
,,111568.17070744657,
,,154510.5307417302,
,,93632.23141717566,
,,181964.57695873798,
,,156778.73722870025,
,,119927.66008711763,
,,131763.3588396514,
,,289886.372000685,
,,150516.52472609165,
,,110999.79684739102,
,,86904.53487448952,
,,117267.69865468498,
,,93971.70682174838,
,,97544.1360375163,
,,84200.62327677301,
,,131697.54867374073,
,,99473.52756786723,
,,122814.28119031664,
,,117985.68941833668,
,,131266.3674870999,
,,113289.4174956678,
,,174066.11427677286,
,,158356.33500331562,
,,64397.02680041383,
,,151999.0470192595,
,,214511.13446827384,
,,113600.66930078203,
,,148326.28460316226,
,,146318.865816959,
,,139645.01235557842,
,,147730.9938430298,
,,159835.9610512849,
,,133979.87487359325,
,,128477.67217121545,
,,231951.06066627754,
,,201971.26765763268,
,,171412.45503509507,
,,146100.6739923946,
,,163400.49601962173,
,,164872.0777307071,
,,161568.62880899376,
,,187722.4908752151,
,,138545.76353979338,
,,176700.4040333598,
,,187397.3260205818,
,,168821.77610202745,
,,170601.8369498917,
,,214030.94838695342,
,,120721.54044278682,
,,147059.61076930026,
,,125326.8154510951,
,,122975.6497920897,
,,210517.3143099272,
,,327339.7506191058,
,,212262.172922967,
,,137227.39170012667,
,,113766.98727009234,
,,71753.58918928773,
,,88428.86366256188,
,,82014.90652648227,
,,217986.5884934239,
,,55000.325014627495,
,,239832.50322504176,
,,231820.818581499,
,,227227.25301457857,
,,222792.988159324,
,,152947.83601813042,
,,161518.9141695307,
,,128871.38008057432,
,,185915.71315954946,
,,158305.57497699463,
,,124764.26090670035,
,,362649.85841769667,
,,345875.50319709047,
,,234498.3238013629,
,,435019.6620624352,
,,317474.971339018,
,,209701.22446609155,
,,179207.6766241525,
,,207092.19741405937,
,,230800.31733404053,
,,199197.08976316502,
,,156891.4562457452,
,,343421.2780392977,
,,453667.50841635553,
,,147994.11373591184,
,,109553.10356840372,
,,163003.84736241936,
,,177403.25969446645,
,,92485.8271830119,
,,119410.52542644391,
,,81272.29658160642,
,,172700.23896539432,
,,85043.20105798097,
,,94849.10323265186,
,,79338.77900133385,
,,130803.27503830745,
,,134798.36473652124,
,,178232.83265809284,
,,122588.96909904863,
,,146631.06093706103,
,,152979.98201649217,
,,118162.8729457368,
,,213277.06216072908,
,,165786.15388984449,
,,169875.47598870157,
,,249958.82981078097,
,,189562.46745516252,
,,173651.44047634042,
,,157233.675189124,
,,209953.11091989293,
,,200361.5347890101,
,,176348.30574259866,
,,194554.75683941427,
,,183659.07243468447,
,,278183.33647540194,
,,252355.09132660882,
,,168627.7590619668,
,,167325.94607171408,
,,172754.42988529435,
,,165270.470017336,
,,191906.9673609045,
,,202421.46412166354,
,,181271.67511579304,
,,197163.64360692078,
,,190944.95528782217,
,,373864.77339174034,
,,321078.7846275237,
,,419246.0127555917,
,,121999.95427108112,
,,311428.4993845015,
,,137652.45240585465,
,,198752.88550593753,
,,223478.60481651555,
,,178233.60486305138,
,,187758.28127940695,
,,225303.10812785357,
,,237700.33613534455,
,,262828.73510335723,
,,147593.30997801354,
,,183314.15397644095,
,,187023.75524521092,
,,160512.34663382432,
,,311703.130174968,
,,187164.2898038233,
,,145904.3684329885,
,,200310.65066444245,
,,172156.2378526703,
,,322057.6686703349,
,,139878.784005864,
,,140597.46479346053,
,,107933.24745885498,
,,116508.0514735704,
,,116481.16592028867,
,,178462.5757867791,
,,103297.7442818388,
,,94611.47538463904,
,,94213.73651613206,
,,101697.15380959568,
,,90069.18668516472,
,,85079.64851757935,
,,118227.85890477365,
,,142575.7531071566,
,,153992.1281628214,
,,138125.6957401494,
,,114864.28085370571,
,,390830.2208853705,
,,458495.8654960584,
,,395930.3471320469,
,,484431.7909410679,
,,312337.99753289466,
,,400444.09603740834,
,,453553.5598573769,
,,360290.961902845,
,,428577.0752383634,
,,476486.38789572415,
,,379477.6666506003,
,,245275.0780978912,
,,320103.3180709221,
,,615597.596346495,
,,420127.4461466667,
,,258090.37215910407,
,,296539.5057564469,
,,458980.3590015168,
,,357941.0960062498,
,,306777.91917911486,
,,341686.9419537412,
,,177733.32691371551,
,,252342.48366445553,
,,261055.35947963514,
,,407928.33803666435,
,,212738.3165909588,
,,240623.4799399007,
,,165767.93917878254,
,,168459.30283550476,
,,207115.1941799508,
,,209842.3324426593,
,,216594.82131467582,
,,190381.0572405927,
,,154822.23141526603,
,,182939.8337141056,
,,184471.99992377506,
,,198526.68775173134,
,,208688.1857116139,
,,159730.98470795248,
,,196042.77731382163,
,,202014.30718773406,
,,197942.77725401244,
,,168843.9821772854,
,,233946.6906760493,
,,190948.7702105778,
,,188840.3884078005,
,,207690.3260852918,
,,201987.72410472165,
,,282787.41200332204,
,,300613.0120452376,
,,263956.8067975005,
,,275095.49586761725,
,,376915.67939621396,
,,273000.9089621586,
,,308415.25459092873,
,,373610.276711681,
,,335189.93021311716,
,,306544.8973883671,
,,250261.88260204505,
,,323741.82124070445,
,,255985.70261623937,
,,226925.45584127118,
,,224406.3113572343,
,,260278.89214053412,
,,290120.49255338364,
,,265028.7851007082,
,,215027.74384932834,
,,237932.0920448495,
,,311689.3076904184,
,,240845.73502568697,
,,199366.8725144066,
,,247485.062914517,
,,176068.50733793038,
,,206366.28802137784,
,,260564.38886557936,
,,226775.826728654,
,,361811.93297524424,
,,223894.58600331115,
,,244486.09942759998,
,,248852.9632948778,
,,212232.0662919873,
,,152213.97260786346,
,,204061.19165352377,
,,186944.17309269495,
,,155176.57626627907,
,,155669.36460958023,
,,152361.0625898655,
,,184217.3840620334,
,,164856.13923149873,
,,178596.4043549001,
,,152327.66776742242,
,,206408.5976465228,
,,200947.5234523217,
,,173517.92824026273,
,,160164.30819574403,
,,181569.50757296404,
,,205030.1928303145,
,,193379.85320052545,
,,164820.5603558023,
,,125226.1861813558,
,,150090.56829596724,
,,146180.30733591339,
,,115807.96049747709,
,,127109.89272108316,
,,134050.0060015387,
,,179924.6219146531,
,,153593.1585096901,
,,265663.026795411,
,,343802.91121197806,
,,212632.6836563272,
,,160706.04628591018,
,,194850.48036252364,
,,159217.53715517608,
,,157058.7578491359,
,,149015.31636852905,
,,163420.37734809317,
,,160789.9371990447,
,,283764.0658792325,
,,261549.74559718207,
,,308907.1933635024,
,,310135.5151836202,
,,331438.4331036305,
,,164904.12339701498,
,,166344.40356006406,
,,210523.37853675467,
,,154816.49623867834,
,,204056.10635140867,
,,332717.0197562754,
,,254944.83431339604,
,,218279.14292096763,
,,309880.16683827783,
,,174292.79313505444,
,,150541.13069493702,
,,303364.9714325633,
,,211400.86452408246,
,,182748.9095290779,
,,167427.65724892376,
,,152062.68391585202,
,,158084.34088786374,
,,208723.6800144717,
,,145153.58922408716,
,,234890.23218350325,
,,139951.69553254533,
,,153121.14241088636,
,,145647.1486024889,
,,152947.26164926708,
,,155671.87462198574,
,,136484.9369732375,
,,177631.026489802,
,,314243.7415616395,
,,184947.688348399,
,,171230.9563810411,
,,161810.30048564525,
,,189691.89213600772,
,,104056.65204911817,
,,109950.90225268346,
,,124932.07863183384,
,,141869.0707692161,
,,193774.29588707018,
,,167119.61729595272,
,,137756.4336600281,
,,154845.15250900024,
,,175858.10903903408,
,,153582.86105582438,
,,132211.60801603226,
,,143667.01161829804,
,,135435.74991602902,
,,141546.3061051804,
,,140612.7912215034,
,,75838.54787912991,
,,51558.808930873034,
,,124951.34588653827,
,,78383.68103059972,
,,144823.6235369504,
,,126826.60447898554,
,,137754.2025772346,
,,163771.06300209943,
,,111955.32030906827,
,,193545.62288945896,
,,165285.5609480078,
,,149551.13736946008,
,,178263.06205162578,
,,170882.1882684508,
,,244170.49144238714,
,,130329.15223955913,
,,124490.7417562963,
,,139590.1324880404,
,,145237.08871057382,
,,202873.35286994532,
,,158747.3978000357,
,,182273.0606850566,
,,143364.59740957103,
,,160781.1819599654,
,,143074.14720900878,
,,127905.71468601325,
,,108876.5056055363,
,,134337.53955197666,
,,128447.99864873644,
,,181318.37591409226,
,,145334.7152011397,
,,104613.52218592326,
,,106957.94733293635,
,,117710.17898139438,
,,147382.3492854073,
,,84587.47012390116,
,,114032.58653836945,
,,143213.6363085969,
,,85567.07691547119,
,,125772.23117731951,
,,98228.6409314518,
,,171827.9726664795,
,,147922.08231600118,
,,196242.97678155956,
,,163661.01020929907,
,,135252.81080341002,
,,263893.17823034123,
,,127176.58737766926,
,,87951.4317246174,
,,98332.11522476209,
,,135820.30128205862,
,,174020.85882724976,
,,135336.80454579502,
,,141953.64672362022,
,,149328.86165260768,
,,112985.24196304381,
,,108006.80269309293,
,,118076.14546120969,
,,133672.16890284308,
,,139719.72925069442,
,,105039.50094708684,
,,134060.4476650151,
,,164095.20846504907,
,,146239.71108958445,
,,156840.40565733166,
,,69788.10904389224,
,,154299.38073743577,
,,113726.12638394268,
,,120269.80296170697,
,,238410.4672441282,
,,63875.63337603763,
,,143178.43235825206,
,,129490.99887617675,
,,191091.9124321115,
,,130805.09033742004,
,,134311.23956515628,
,,117092.09796062963,
,,167206.27306178084,
,,70991.0197916594,
,,86642.11757366067,
,,104819.26881972999,
,,149799.3309047678,
,,151406.85254024706,
,,48932.797129833176,
,,114624.68103927208,
,,108978.69595020768,
,,65159.77406321087,
,,306079.9723861763,
,,139276.31012535328,
,,144353.43088772675,
,,129086.8038253536,
,,101014.30074337404,
,,124129.84152277565,
,,128388.77643281955,
,,135855.60508564505,
,,121672.32517630242,
,,172621.5139925483,
,,175217.15104564698,
,,117712.11517508571,
,,134084.10361033893,
,,120654.86258161116,
,,332902.82178354857,
,,57579.91519445826,
,,190685.33258111213,
,,110866.90038338203,
,,144087.29167170424,
,,106374.1159565752,
,,111938.88125251807,
,,139293.60166074356,
,,113648.292574353,
,,85779.74029384906,
,,155283.51846768332,
,,105406.85938720136,
,,121566.61209961672,
,,109714.2494875845,
,,151995.75661575227,
,,111859.05285888031,
,,117878.60966758832,
,,156132.93749124417,
,,97661.6522222854,
,,124266.54049896561,
,,112401.23705050196,
,,86292.57226915589,
,,130141.65263829913,
,,73480.78536536751,
,,160692.67693346916,
,,150818.64189111756,
,,123801.93584542575,
,,123232.60217933958,
,,140517.11666292965,
,,66297.84860594022,
,,116657.98477525168,
,,221768.71068237012,
,,170451.15774713448,
,,167258.92187303706,
,,156565.39101088513,
,,127556.5959443729,
,,159735.68737098854,
,,166553.9264821233,
,,129373.75574058441,
,,101286.31753393092,
,,133183.0376853055,
,,137806.92592436034,
,,108595.70016170405,
,,140051.58432565778,
,,136915.74890661656,
,,91047.71683883142,
,,128576.3112745393,
,,82455.90910277108,
,,76827.34600035996,
,,83958.74388412843,
,,137737.77403866546,
,,126999.06233269173,
,,135147.2776689167,
,,143219.71535163774,
,,128212.51716807547,
,,130319.98915774269,
,,152318.5407422524,
,,136473.19079726824,
,,161793.62902671428,
,,104871.1044883643,
,,138083.6077550892,
,,118517.64806591776,
,,158618.49808833151,
,,122821.14122160584,
,,138649.5335510273,
,,112978.08047677207,
,,90855.68472694478,
,,77461.70539434599,
,,154003.7061388523,
,,135741.22222973578,
,,189118.93834856438,
,,167595.2577414245,
,,238873.27317149742,
,,151564.46673251272,
,,118091.68323688216,
,,150481.7883849956,
,,147969.84179172243,
,,129831.35133922691,
,,176893.12087705312,
,,207144.31721028138,
,,243403.9892000221,
,,231800.22994119395,
,,260969.0854217651,
,,169913.04913086302,
,,114510.17073353531,
,,156558.48934388132,
,,217897.05678103154,
,,248698.6880658429,
,,172448.48990145038,
,,212803.37165487988,
,,157905.1959238254,
,,99631.6565644044,
,,139263.07880600903,
,,110240.85621911324,
,,116844.5556781843,
,,135149.24820653643,
,,79708.56501536997,
,,86766.90191999843,
,,237729.65543309288,
,,242101.76387591293,
,,242048.73143538632,
,,237392.6938001769,
,,232749.43585997203,
,,188164.73369028803,
,,232915.6773044402,
,,442361.63592709455,
,,392501.83836130076,
,,219891.20811099993,
,,243601.4493462093,
,,184493.01916181363,
,,207725.2142377358,
,,140839.49147628158,
,,139726.02629111716,
,,158707.5345141894,
,,236437.9504993351,
,,234291.8770532614,
,,197842.16964916594,
,,180913.0601031347,
,,196320.8936792514,
,,190114.56860425504,
,,238530.26747395424,
,,229188.0764354593,
,,221980.40867434448,
,,210709.77466964148,
,,127195.60048888472,
,,163184.59148428545,
,,162570.0339378938,
,,156499.01755914907,
,,135910.68179687517,
,,153289.829739066,
,,119112.16245015142,
,,120009.79498764614,
,,132964.24436404882,
,,226766.08590102463,
,,249026.96299409537,
,,248211.89227923655,
,,250969.80095638303,
,,221603.07116809388,
,,226442.69017176368,
,,305267.35278954176,
,,268926.12853162194,
,,300900.01160156494,
,,266527.72629764024,
,,225678.95899448,
,,240559.84216118054,
,,193797.3843495029,
,,196614.74414640572,
,,203762.96340426538,
,,145365.5504156224,
,,154179.1003997037,
,,206909.72710753977,
,,179107.2469473522,
,,229822.62454139316,
,,192509.62791581184,
,,180592.4266129795,
,,215591.43519326474,
,,199644.3438316119,
,,197322.07311918391,
,,213372.1434410909,
,,200609.81719568977,
,,171455.48912479042,
,,161444.39542445217,
,,144850.22775502704,
,,153886.36795601752,
,,147608.26074199646,
,,79062.31589967573,
,,141313.79789786885,
,,126440.7964968064,
,,132935.24798012347,
,,174995.6714093866,
,,145011.49544293375,
,,103722.38080165065,
,,128013.92067403559,
,,153400.53198452707,
,,132592.41045206104,
,,153450.1298294119,
,,164298.95904641005,
,,271546.12539294374,
,,150652.98662379428,
,,148122.50295794496,
,,77637.32781359373,
,,79333.96302365999,
,,120778.97988299068,
,,77977.51873108496,
,,97554.54644326116,
,,117257.18790370697,
,,95324.04186502054,
,,100983.70888627591,
,,138763.43189890677,
,,131387.30807559885,
,,129586.25624265823,
,,108883.88953279733,
,,105302.8040481819,
,,104517.26596810804,
,,62086.10327067158,
,,123085.87683221196,
,,139419.5031441695,
,,184830.92861049212,
,,144923.8911182852,
,,154598.7057138141,
,,119352.28381692526,
,,193299.27620516467,
,,173646.00986315525,
,,136183.06391755296,
,,201610.22536520177,
,,183104.35031978873,
,,149546.79655660054,
,,84079.41553297677,
,,250575.58301731516,
,,112723.02808626615,
,,135317.78014905166,
,,158207.8469595788,
,,202415.65486738033,
,,213554.10485348367,
,,118312.25056209716,
,,104401.04881217575,
,,259483.4999005272,
,,387127.4776319325,
,,299675.11221109296,
,,284321.7840531111,
,,217539.22649892268,
,,202422.94683352433,
,,122931.84509761863,
,,159230.20809346062,
,,129050.1204556035,
,,129325.55747538191,
,,53235.156739592894,
,,120745.27473047466,
,,124644.89630729253,
,,109987.10374523523,
,,136217.41845958782,
,,93550.38140716133,
,,181994.2851696245,
,,13963.969036875513,
,,94635.65176599952,
,,40504.20471187356,
,,79510.21196078543,
,,78060.72817265148,
,,59579.08328078259,
,,376195.518496579,
,,305939.57110899873,
,,262196.516417402,
,,275403.92721241305,
,,288596.92022788903,
,,260574.61388119916,
,,196072.55286857532,
,,157346.25843970708,
,,187721.984063077,
,,90905.82308824417,
,,205700.81049263227,
,,206056.46756990586,
,,251437.267810614,
,,277084.2190459174,
,,297446.4159833845,
,,300174.1032746627,
,,243956.22092511324,
,,164866.0110822044,
,,173685.55843274525,
,,197768.08128183693,
,,135188.64090530324,
,,193400.2189534784,
,,174149.21566869732,
,,176198.24465664726,
,,220772.41482628614,
,,209603.1382376896,
,,295579.2413162432,
,,299633.9752339966,
,,385658.80933319917,
,,197136.1948456106,
,,212536.88772125714,
,,158488.19853713887,
,,154410.18103383933,
,,189805.85114986138,
,,112450.21911885175,
,,110726.33683514077,
,,138132.9466316362,
,,113500.87253544384,
,,100512.97429140628,
,,167289.4060968025,
,,93344.46527175246,
,,83165.10446082379,
,,106012.24852557828,
,,121008.14719764139,
,,110901.31638122998,
,,130388.79591774325,
,,125095.56986244414,
,,121060.8729137205,
,,168288.35325272512,
,,135149.01954302832,
,,168927.398595601,
,,99336.45469924991,
,,159805.95456389824,
,,174532.33013959636,
,,226958.31408754643,
,,252456.37984774547,
,,219548.47127038086,
,,166213.8165735199,
,,173493.43911433284,
,,158027.9402049032,
,,159330.05905644517,
,,235791.36686973565,
,,160257.46541487816,
,,191779.4089144413,
,,172265.75551280752,
,,187337.74008377062,
,,218874.6439429291,
,,154780.98271343773,
,,168427.66593552372,
,,171060.557344987,
,,151739.85747128003,
,,161061.40741342708,
,,156152.04569171445,
,,211626.94468357612,
,,172469.64701981875,
,,199550.85974427022,
,,372864.52039452025,
,,362486.57913480466,
,,575253.5066716062,
,,168002.58654607215,
,,337866.8442470618,
,,377035.6582969103,
,,404243.9040719772,
,,425500.60897675453,
,,191667.66520862485,
,,172234.1958932874,
,,181880.21755259339,
,,180208.0857905437,
,,202976.63697445608,
,,183703.94758410918,
,,201955.14578471915,
,,208515.04820969063,
,,133209.5187561578,
,,148477.4617958837,
,,213988.35490179327,
,,176516.1135234024,
,,151832.41715746745,
,,177706.9670499312,
,,174879.11368187814,
,,168016.05529647152,
,,198307.34875326362,
,,158952.79575384696,
,,182692.9336216425,
,,137855.95410996393,
,,155565.6189294749,
,,189438.52070110998,
,,161780.19008326923,
,,141234.43949783262,
,,128851.02907868335,
,,130608.87014881219,
,,113020.19437226896,
,,132594.4329464085,
,,109671.7574394764,
,,124029.68195871222,
,,149896.29985680897,
,,182175.1774424645,
,,104873.50740357832,
,,113389.15613403308,
,,106434.79349834952,
,,112177.19259943311,
,,110808.57079428984,
,,139082.36934679255,
,,159109.07127200335,
,,136926.89554226273,
,,118724.7579675815,
,,343439.39650497405,
,,343624.71443997615,
,,298948.34426195506,
,,300429.6601184652,
,,336981.48314610374,
,,364922.8019566572,
,,419932.93153431703,
,,539572.8526930051,
,,336808.3426616082,
,,473910.63697570027,
,,264237.33659777517,
,,450787.3997777644,
,,387430.51412676234,
,,404934.46902934666,
,,229415.58117196965,
,,412451.96557426185,
,,380758.7540652642,
,,465925.4350097725,
,,277386.9678929861,
,,324705.87702085444,
,,288073.60187501996,
,,295770.0749812276,
,,404307.3191307279,
,,369384.1205710889,
,,348850.1916428042,
,,373666.26481847744,
,,307682.5027207704,
,,266805.8023819116,
,,261781.57743229263,
,,220882.55083152204,
,,265783.5326070679,
,,197434.2454612557,
,,184220.18424267715,
,,198714.53956013982,
,,207322.3699450838,
,,191774.87034164905,
,,200608.9135686324,
,,185786.60858341743,
,,305787.39490788954,
,,256227.06707301183,
,,342520.33418772084,
,,241937.27318076897,
,,200678.30559091258,
,,198420.8767985231,
,,171302.00641317072,
,,172079.34024161694,
,,174108.63060135045,
,,188065.6606995511,
,,197554.53862852394,
,,213687.21210159,
,,190524.2951488448,
,,188556.5483771537,
,,181893.7353014082,
,,150954.38583362868,
,,175068.90399423073,
,,181690.0085916836,
,,159721.5564390948,
,,185352.3482223972,
,,191324.95377260435,
,,218152.31675976815,
,,172565.7263175167,
,,276792.9627976496,
,,188337.29618186472,
,,165386.47461781625,
,,214929.76751189574,
,,212897.89169056967,
,,197138.06019131388,
,,167883.99081092287,
,,220032.55737271815,
,,173132.94967131867,
,,235824.54505723278,
,,165998.53021429875,
,,186666.97827876784,
,,155388.20188345463,
,,192195.6779654283,
,,168592.92042773042,
,,805958.3985656507,
,,351889.2117399213,
,,258949.37905598455,
,,476440.9248927687,
,,428827.247265591,
,,335566.9085055835,
,,229404.4854696487,
,,803404.2760933989,
,,278274.4978206531,
,,298433.85648853926,
,,266248.14748254884,
,,314201.49689452257,
,,436232.0895748935,
,,271358.41532307136,
,,316235.44068599556,
,,227198.4116998182,
,,242938.9327326196,
,,321092.93171895767,
,,290445.94784200826,
,,194852.08375303115,
,,448012.57770224084,
,,242192.24090451776,
,,160014.44998426788,
,,232367.6399941752,
,,317713.29445951805,
,,249782.56486645562,
,,240796.3339481739,
,,268606.740897938,
,,213652.41851447566,
,,249548.1084077954,
,,276951.14211758744,
,,233547.98930907654,
,,234442.08575534882,
,,223252.1702456943,
,,226677.02064688745,
,,247886.77091364202,
,,206962.52591812357,
,,260978.87465673525,
,,299892.47033993166,
,,302218.2947273794,
,,267379.7980362721,
,,244129.8043305898,
,,276899.5669111622,
,,243001.55920686605,
,,280092.95483422856,
,,363729.2060197253,
,,148298.7332842256,
,,144537.4376404379,
,,149239.44031910165,
,,164862.89034440977,
,,214053.10159744127,
,,180490.24421117632,
,,185981.97911807633,
,,216933.0934384041,
,,170832.8019727249,
,,122371.20044495315,
,,139804.07093833663,
,,150924.13776273717,
,,126425.25131860924,
,,143401.26761702693,
,,141035.1122464656,
,,128570.62061485783,
,,132784.41439586156,
,,149058.75559015747,
,,131493.05305664198,
,,136957.3182179713,
,,117796.92724028292,
,,271075.6535048177,
,,272000.9910550125,
,,127512.44552277811,
,,167564.55901341408,
,,141888.1579579822,
,,277363.30570725654,
,,282424.74414614466,
,,197650.96927604015,
,,153086.54151409774,
,,202214.31852492478,
,,200222.38094114736,
,,185019.79391149376,
,,204094.10308294467,
,,219154.64320715927,
,,154223.4279481865,
,,161803.67845787868,
,,175801.34593060595,
,,154089.03251656197,
,,191940.49436115363,
,,179224.06462758683,
,,142185.05402608466,
,,169038.0360814077,
,,216858.54999878025,
,,219363.67129316984,
,,278366.68492648815,
,,291984.57988532283,
,,275280.7634941185,
,,266749.44323751144,
,,188095.49710689258,
,,209419.47055048507,
,,198883.14592110272,
,,173267.10322541418,
,,176342.5153880024,
,,341648.4818619151,
,,183172.94202668342,
,,223626.26437816833,
,,132349.31846962427,
,,234222.50156025327,
,,166199.7792621958,
,,174475.66942499467,
,,178909.50354868823,
,,184179.93802730006,
,,238337.68130987688,
,,124274.47097259006,
,,146116.87945371922,
,,165564.15525529892,
,,130097.75352455863,
,,131850.4256553813,
,,140403.6763556069,
,,145942.79630382467,
,,133051.75729312203,
,,114859.22420909711,
,,111124.21993892448,
,,132356.7341718271,
,,146279.32031255303,
,,117166.35405942939,
,,147556.1642372845,
,,125599.9159442996,
,,114385.29004118085,
,,116223.1385919962,
,,126588.63244409245,
,,138014.35485101916,
,,121502.6444813267,
,,150225.65857743088,
,,146474.57225292263,
,,156918.88895386673,
,,243299.13645152503,
,,154551.9715159071,
,,195812.49579742688,
,,187747.390623546,
,,147650.0687296309,
,,95147.27009080308,
,,121244.77932954502,
,,150836.03758933634,
,,38365.67730848235,
,,64042.863218842554,
,,59501.923391492186,
,,115634.87447109404,
,,156716.24304686484,
,,139422.13579326705,
,,130135.81271564061,
,,96416.59191252147,
,,136791.4109609524,
,,128462.11859842132,
,,188124.02860144337,
,,144689.2663846745,
,,103712.84049807738,
,,141870.25941999626,
,,141477.7789255936,
,,145910.22109633734,
,,144006.58772177866,
,,148220.31231801916,
,,148700.0699190901,
,,170956.76744851348,
,,151340.5605883431,
,,155197.5137637236,
,,113178.1746651779,
,,184916.79555122173,
,,119314.13761986514,
,,130281.41500492708,
,,148246.63209884672,
,,122350.75470885324,
,,136104.1416943885,
,,149915.2785339575,
,,132889.87323661213,
,,137218.83844055253,
,,138772.0663913981,
,,128027.81514173622,
,,120853.6213206121,
,,128099.77143602764,
,,119885.26068565939,
,,120423.02662953237,
,,127079.05662564152,
,,165295.8234574914,
,,107636.3188423652,
,,144275.61609534215,
,,145179.26088588542,
,,171193.1449127681,
,,293698.30285749433,
,,99681.7128235152,
,,99875.33231246185,
,,139796.35481789976,
,,69091.29325131212,
,,148168.7263403404,
,,87226.8334673642,
,,176499.8931644431,
,,123123.46724739109,
,,116646.52335163938,
,,133027.44993350405,
,,115103.97122317759,
,,116643.20425255856,
,,138407.38609414725,
,,130292.51932250663,
,,108276.31416048884,
,,118993.75844830848,
,,125659.54615566393,
,,149531.8898664449,
,,132372.52163135904,
,,143962.95296041077,
,,166069.5177070273,
,,152544.52737376466,
,,96463.0908696667,
,,202877.852196173,
,,155057.36707375932,
,,131698.45013381258,
,,124768.92464737233,
,,92909.67219247826,
,,127878.48832195741,
,,116426.58925394302,
,,96991.9570083555,
,,126853.17526472514,
,,101315.10349202788,
,,98758.38220809276,
,,118487.40271575922,
,,135594.88105160787,
,,126399.35745242164,
,,94345.84948263025,
,,80112.32164336508,
,,107735.83722157241,
,,135539.95096890896,
,,105424.46984692354,
,,97337.56796955739,
,,186395.6293776741,
,,137897.8322333504,
,,133781.68729300494,
,,124482.92465824907,
,,90902.95687764497,
,,134622.21840543766,
,,116466.14675255973,
,,128554.1532282721,
,,186553.33063411416,
,,131505.28971684258,
,,163073.6619884439,
,,143427.18255448694,
,,147784.92498927278,
,,86748.30745088069,
,,97180.86036335146,
,,112863.92879599924,
,,128127.05255272651,
,,139186.0608245261,
,,152925.25200353307,
,,198730.30034722004,
,,126275.33454627891,
,,134628.94665410143,
,,123716.18110575966,
,,102557.54555889104,
,,138404.34897373253,
,,145080.9182552681,
,,134474.2732403933,
,,121659.82309172495,
,,134508.94508074128,
,,133939.43261018652,
,,134047.5541141154,
,,107677.51044990732,
,,214782.70655248716,
,,162685.21717550643,
,,167118.320410415,
,,95267.38010733348,
,,163051.67304384857,
,,152679.38447810008,
,,148693.01610195692,
,,114696.88964899878,
,,112726.06017269695,
,,163488.91620984703,
,,152036.13380856926,
,,206330.77248178402,
,,125118.75885156672,
,,130680.26645230308,
,,223804.08713687956,
,,166058.66392264786,
,,93621.80190657469,
,,92431.400682257,
,,110010.53654447604,
,,120880.5006929845,
,,110080.7567575973,
,,83822.91895216961,
,,46895.600620453806,
,,226256.1690936504,
,,207081.30086725528,
,,136289.9459902989,
,,98451.71460860773,
,,122735.49549579507,
,,156586.30702083808,
,,104463.5390281203,
,,124830.21225545171,
,,177778.7539640501,
,,113915.08660914339,
,,127572.67161729252,
,,121558.68812553848,
,,97624.00505252824,
,,125086.01499231633,
,,121189.22855771062,
,,146723.25325395356,
,,136921.62739515095,
,,128422.88301678644,
,,146481.48121273617,
,,118082.83185880944,
,,189514.995092939,
,,164968.67742084755,
,,118618.3533314044,
,,155571.68722094118,
,,143690.60654714203,
,,129247.05189114354,
,,85206.88988692514,
,,281834.34080068156,
,,180312.68754285085,
,,205531.5808216123,
,,199560.66848826435,
,,132802.23588466868,
,,110363.10404034017,
,,266198.3778327707,
,,227344.46047148108,
,,160268.3593652698,
,,125309.17962198817,
,,78981.37798573555,
,,150745.1704424204,
,,92540.82255615895,
,,139902.20731441132,
,,116845.02553962023,
,,127304.56349853761,
,,97443.9324069634,
,,111434.75582366214,
,,248581.2637392942,
,,178040.934647338,
,,215453.07589169033,
,,278915.0874365413,
,,250541.12882643664,
,,248301.08423040592,
,,230927.42787567558,
,,351546.2781668504,
,,458762.01169432653,
,,267853.9385687186,
,,348371.1198662311,
,,286528.965787452,
,,190401.70124909317,
,,254296.01724417714,
,,295021.40776488837,
,,204344.8033518837,
,,159679.98587054506,
,,190255.02202459017,
,,191887.2224389887,
,,220856.28947716783,
,,196390.6019148919,
,,174356.72899492204,
,,204222.40173910707,
,,163232.38695136562,
,,302254.7740784228,
,,202255.39278521188,
,,294843.64942680317,
,,237016.084610155,
,,205660.63201440495,
,,253071.9456566279,
,,129901.26321634614,
,,136222.57521043596,
,,162208.99393838565,
,,170530.8328074611,
,,213032.29794227914,
,,156720.29032116156,
,,154059.83193112162,
,,120940.95898299734,
,,195198.92482475497,
,,231374.32454681283,
,,203125.5578064332,
,,181042.50939052083,
,,199631.08889284902,
,,226886.65959306326,
,,193358.99877476055,
,,133437.59631019604,
,,158228.57076662904,
,,163485.0328577199,
,,129523.0894182563,
,,133147.5766519912,
,,118631.3759270029,
,,111773.98140886036,
,,111239.82522469688,
,,120785.10273872023,
,,116236.64984401985,
,,312282.2375141724,
,,237744.96841219775,
,,262040.000838108,
,,177663.6977946291,
,,204716.25822211403,
,,213250.71180285557,
,,263454.2782379174,
,,211700.87791306002,
,,270620.25068191055,
,,212000.26758909965,
,,258263.33381309218,
,,247941.6585899973,
,,144001.12268809782,
,,237223.18359689775,
,,209277.62053879641,
,,166616.25556614134,
,,172068.9013786556,
,,197913.04067590792,
,,183622.57501232426,
,,161697.0174835204,
,,160555.94841155698,
,,171388.26980037385,
,,154605.5793361606,
,,136607.67576345985,
,,129579.72675984114,
,,108140.10833705729,
,,91210.24361731404,
,,121532.7804918846,
,,117436.46652561947,
,,112169.94355676735,
,,120788.56189670361,
,,138086.84684032027,
,,150992.11185981243,
,,160272.82266545814,
,,151806.25707652845,
,,170776.21096042293,
,,166306.35500888474,
,,191713.60137944945,
,,137745.3638001723,
,,126551.5475226666,
,,56667.24711643617,
,,115643.35887457909,
,,99383.46548356408,
,,83063.70370065443,
,,109482.36721994747,
,,109993.43874638526,
,,112611.14119119011,
,,116493.63485832306,
,,79992.44315231837,
,,114780.21109431624,
,,187380.55001474384,
,,155656.38689399243,
,,169797.4780665211,
,,87353.74552691585,
,,127553.02123600438,
,,155278.329536312,
,,176239.43131157354,
,,134918.09708351994,
,,134346.58902142016,
,,176214.37559457982,
,,138494.85991140793,
,,169828.84649891747,
,,83988.63153824596,
,,137872.65877665768,
,,113138.73866305764,
,,150093.71301556827,
,,155066.55267919996,
,,229505.3842416588,
,,152614.94457573077,
,,220091.68877887155,
,,357208.65336559346,
,,196661.24517230518,
,,213227.24538925439,
,,126293.72584797561,
,,330660.3099416,
,,255517.2676267095,
,,278796.73795425537,
,,218164.58967778436,
,,200605.6638469763,
,,216254.0198207599,
,,217762.07167627104,
,,112123.56650814913,
,,164296.57961903498,
,,216553.95864144058,
,,198730.57051452858,
,,208908.37126348994,
,,285122.4872157243,
,,107350.60020783092,
,,145705.0684673817,
,,81891.65491747453,
,,136022.8171152858,
,,92371.86418506483,
,,157426.38776949054,
,,74835.16017503272,
,,109314.25975591838,
,,71738.97168151288,
,,158267.07721724556,
,,72658.29431497908,
,,112377.86717028088,
,,131170.71027107464,
,,122625.94733786533,
,,339668.35854412103,
,,238324.51481988703,
,,191750.52854544806,
,,165817.8664455942,
,,128345.65847815097,
,,196322.0066926007,
,,225353.91895386518,
,,204084.07614782816,
,,135465.67518604474,
,,132622.43582657073,
,,241851.3926954843,
,,331715.79046374664,
,,185609.8049593075,
,,236431.9666776912,
,,237867.05342541597,
,,288517.0953565684,
,,257026.63522824927,
,,224711.90579281893,
,,262564.7358010227,
,,186520.53739561877,
,,198855.02302687132,
,,212324.8025831332,
,,165884.40151624088,
,,195855.002305919,
,,282910.6778494343,
,,160305.94856293654,
,,250667.69884220455,
,,292231.66488296207,
,,203417.8823891398,
,,311444.3606026024,
,,363309.2268678817,
,,265320.49260736344,
,,150856.46141198478,
,,140304.9759486135,
,,132768.08787409263,
,,132798.4721882753,
,,155900.93289117407,
,,161790.36966015346,
,,126436.08614030584,
,,130035.26009422561,
,,81550.10620406416,
,,114769.03309092134,
,,92112.06621703324,
,,69697.83553814825,
,,77264.17932943696,
,,80654.40155450747,
,,148761.10491308605,
,,164022.32275221398,
,,182411.86250193158,
,,189987.82018228807,
,,144562.83717950206,
,,137897.79870402097,
,,139810.21571432918,
,,80635.38089836933,
,,118617.53348531424,
,,145264.8169316491,
,,135591.57206552112,
,,128242.6084975002,
,,95077.4131413039,
,,120519.10434631589,
,,152694.731738465,
,,171237.93874972203,
,,163167.75583759605,
,,264239.5405983861,
,,184574.51334394276,
,,180650.3608910729,
,,215089.4386435426,
,,165969.15329841658,
,,187372.58208117503,
,,193899.7374694133,
,,186486.7757974429,
,,314325.5382877411,
,,217239.48758626048,
,,248911.44867763264,
,,221766.86428950218,
,,304301.83276740933,
,,295019.6516585723,
,,245065.80281933688,
,,173298.4798292587,
,,153214.05486943448,
,,170873.89536300537,
,,130701.52132764412,
,,246778.02997838616,
,,300640.12136095593,
,,490005.10683468083,
,,524587.2335799515,
,,354272.973656376,
,,593503.6021115537,
,,388293.78203853226,
,,484049.3955863439,
,,432738.41186377074,
,,424318.93033773545,
,,156224.02728110962,
,,154178.45440973563,
,,336113.2119205121,
,,300188.5203474448,
,,498024.08838393976,
,,191348.04692254515,
,,207850.0206223816,
,,239764.97775442738,
,,190769.19250119402,
,,164824.60976092712,
,,222389.50702274177,
,,170144.36198526158,
,,216689.1219229442,
,,273233.7846747648,
,,163184.97199681064,
,,171795.31701994783,
,,314582.41394716967,
,,197317.90503245042,
,,147784.26924317644,
,,172972.90444094915,
,,182907.39642094632,
,,153333.29251237292,
,,149862.3625012083,
,,107239.15977146197,
,,90577.64207532584,
,,102451.50565492423,
,,182697.82236907716,
,,102344.92468309306,
,,124529.66342527836,
,,82442.41534261832,
,,108967.17597557137,
,,98782.70524187005,
,,112319.94078939935,
,,94530.01369874382,
,,102033.1476234029,
,,96897.06221931215,
,,155072.442215253,
,,133342.1918144151,
,,133202.9720870273,
,,131766.25226558265,
,,130059.87048992784,
,,296886.42741763225,
,,432618.31188473845,
,,366373.1603479514,
,,236535.02737281582,
,,431995.91783792956,
,,315349.1190847473,
,,450936.1580221411,
,,332005.2795858939,
,,338103.54679237725,
,,290036.710447649,
,,312680.1101865686,
,,261005.90825488354,
,,321894.5848909776,
,,374630.41395618336,
,,358518.3879674857,
,,295074.7727401651,
,,343606.2234832762,
,,374670.6049324785,
,,308865.4031526743,
,,389590.32971237245,
,,376143.04505496204,
,,356468.53065586183,
,,430312.6949598205,
,,251239.679987704,
,,280158.71210836095,
,,189435.62935757075,
,,287335.55040481203,
,,207453.57665134393,
,,193997.01597688455,
,,358247.03678286995,
,,315499.13890419906,
,,174244.623353953,
,,186893.03955240158,
,,179628.14823385119,
,,177405.82194819555,
,,175314.82992638735,
,,200360.0053151327,
,,185418.7564086242,
,,166855.19584920676,
,,256580.59610663517,
,,195468.1551726628,
,,220360.07440686494,
,,221047.20283632478,
,,202183.96616719192,
,,263249.25248916313,
,,187615.2550242739,
,,230006.26661193525,
,,181395.4398741877,
,,145260.26271932453,
,,193864.96496145945,
,,252028.8964950675,
,,246936.03649957446,
,,199891.60418752546,
,,194215.73792799847,
,,186375.74212001552,
,,186254.42320480885,
,,238330.9419079066,
,,182478.10987551292,
,,159427.98749294394,
,,203493.66403996444,
,,202710.58782428975,
,,178023.98705673718,
,,281245.55386047607,
,,213649.3514941317,
,,369223.1026698177,
,,285433.4578675099,
,,290741.0017459571,
,,607353.1918633677,
,,413562.31646593113,
,,268344.72092406225,
,,244661.74085488354,
,,361415.3659408127,
,,599800.1343793517,
,,297147.5588346438,
,,275841.58863064507,
,,287854.953744906,
,,275562.7923575717,
,,346291.3300899018,
,,434709.92929054954,
,,300376.6713388204,
,,209982.92719663412,
,,199305.72038181906,
,,217800.77170591292,
,,382373.4160284118,
,,222421.67424492803,
,,268265.3258878849,
,,172520.8401103918,
,,218506.62988710852,
,,189997.79178925222,
,,199617.40614256627,
,,163061.02430627405,
,,197678.48616083863,
,,132189.77711705992,
,,203773.1933255117,
,,137482.47279500752,
,,152797.80401240272,
,,167756.19210668636,
,,187069.2110972869,
,,198173.79760454473,
,,203347.6135957494,
,,171733.91144506558,
,,261590.91953451897,
,,157169.5806229102,
,,162128.5753365218,
,,163812.73194439718,
,,99994.1890651513,
,,124028.33037085869,
,,140526.1183715044,
,,114028.76603586771,
,,131122.9732994686,
,,152380.99515880333,
,,164416.10464914676,
,,131715.94511249693,
,,121201.81205778568,
,,122028.37639154306,
,,118826.14781565696,
,,144374.35303632857,
,,116823.37041490753,
,,127563.41356777365,
,,133794.1453410569,
,,246458.11662309695,
,,263509.55708745634,
,,347138.2369260896,
,,307708.5937028456,
,,290052.86416397773,
,,248469.06834454637,
,,179165.3999426193,
,,181735.71423226048,
,,144359.9964882133,
,,160536.96145649246,
,,144074.5545657478,
,,133224.37079102948,
,,174545.69573555363,
,,193374.45557062476,
,,169743.64869817987,
,,142914.56142379108,
,,198712.0372162594,
,,223616.57990035746,
,,284922.6400765957,
,,166151.75305180566,
,,200449.54834460505,
,,169549.39293041185,
,,178561.33480390566,
,,173375.8826303945,
,,410520.60952044785,
,,155931.62623335098,
,,167533.85824744473,
,,262969.75537362834,
,,189029.8143801128,
,,274458.2187707203,
,,177475.90682681798,
,,164334.61331640254,
,,134347.68684907223,
,,142080.26130090834,
,,145911.1557814492,
,,150137.84028142292,
,,172424.15538020665,
,,143800.1404558038,
,,153831.32557617332,
,,128900.84813461118,
,,143288.89796633736,
,,132055.4853166306,
,,188486.35514763388,
,,140730.47706120246,
,,126750.54354209288,
,,143017.3017979378,
,,183550.47498819273,
,,145405.61026789766,
,,175642.8878451268,
,,142666.35619271328,
,,133060.166311138,
,,154041.74976858508,
,,156271.77250126484,
,,135095.23829244674,
,,134402.00052546096,
,,138146.3392960722,
,,111688.39518439068,
,,88923.72122887404,
,,75934.5071757075,
,,135293.41837688346,
,,176430.24219101047,
,,141957.55356476575,
,,139425.79222616015,
,,126565.34518367732,
,,139751.42023413026,
,,128870.22388106778,
,,131287.5588672069,
,,111219.54768259109,
,,184391.07875766075,
,,100615.09198464226,
,,243288.94617662957,
,,115196.80801720568,
,,218535.26578731166,
,,124494.751330085,
,,135380.2811580701,
,,150416.0757387565,
,,135284.82605552793,
,,144042.6067147681,
,,177402.089071591,
,,160647.92764455653,
,,135580.08690118996,
,,165881.17429210854,
,,139261.8349846046,
,,129517.83436854447,
,,155203.97358378075,
,,137637.79978520496,
,,150295.12700028485,
,,152135.1061131578,
,,137435.44834149085,
,,132115.5705961709,
,,131963.2693032974,
,,152536.3524147709,
,,170254.64300923378,
,,144931.94946776578,
,,175946.46190910408,
,,139302.93852665616,
,,102126.6531285053,
,,109721.37816789914,
,,120998.19386010367,
,,110826.37526553705,
,,70399.63374624253,
,,90602.62036799283,
,,115441.5174162699,
,,161961.28196173508,
,,72523.09624198188,
,,113142.81796870849,
,,158718.19199533196,
,,169797.3856213679,
,,164185.9087606603,
,,169868.54469941932,
,,180135.55497312895,
,,160060.70858837193,
,,135687.88587890996,
,,117781.6357766314,
,,150737.8976492712,
,,123293.15136465787,
,,133920.25597552428,
,,171598.39237216976,
,,154646.39575380099,
,,289454.17833425937,
,,211355.51644042452,
,,143052.7332988493,
,,127354.91148113339,
,,116352.7858125093,
,,118318.28529277764,
,,139111.83443580472,
,,83371.55061138606,
,,85278.44102009952,
,,97210.0530191105,
,,125846.57094028669,
,,134067.27395080696,
,,138366.44933134556,
,,164366.56144531822,
,,123437.50421899847,
,,120156.6918372455,
,,113407.46258696495,
,,116832.33392977534,
,,156533.46819353587,
,,104101.48541498263,
,,146126.85024592388,
,,121244.62030898452,
,,152203.0838753649,
,,188117.44732687637,
,,148286.45461744588,
,,110070.60850150484,
,,106954.35327213121,
,,116745.24437965757,
,,118496.60658796986,
,,115598.04417087274,
,,125568.22749533222,
,,105129.32464213071,
,,115203.04060046036,
,,101451.11274117391,
,,135018.83559077018,
,,148632.8415346175,
,,63666.84062056811,
,,112639.4712970808,
,,122046.15207088337,
,,60265.02660984921,
,,136022.79264383073,
,,85620.75841774239,
,,171514.40248204308,
,,144607.6546926429,
,,79387.68163673603,
,,142145.18813361318,
,,114723.85454995786,
,,154908.97505887118,
,,115138.98187930079,
,,472692.39734797116,
,,99050.40799596555,
,,130186.00461920959,
,,60784.27765118323,
,,104391.36332263584,
,,135771.5857419188,
,,199987.98223720345,
,,143250.75898326622,
,,112562.52732613453,
,,104914.37992497884,
,,106902.04798762733,
,,71963.96308777326,
,,83868.6535474414,
,,73568.92904880753,
,,144472.00976008986,
,,106427.38704610232,
,,121452.48852275276,
,,85412.57062050686,
,,107495.04977990776,
,,114571.72181428313,
,,202218.64165035056,
,,121925.5051364804,
,,111523.54903899906,
,,52204.80547605121,
,,102408.55632587514,
,,122207.58423522631,
,,65544.63366824346,
,,119563.43854443083,
,,131603.81588267593,
,,92967.81212994973,
,,87849.27911725319,
,,98371.7435521792,
,,146242.35192629148,
,,162930.52754412242,
,,131368.99465345274,
,,130909.59483132526,
,,133881.3484565233,
,,74187.49892145598,
,,168960.9301709554,
,,133764.34339072474,
,,95655.98613422338,
,,153168.95642010594,
,,168395.9677878515,
,,175767.28497130403,
,,143783.53856983501,
,,128427.87423429136,
,,145228.33468538537,
,,156735.82526145686,
,,166931.21309855545,
,,187786.47778655845,
,,145830.90819250338,
,,152830.52865749534,
,,154269.05462336933,
,,178624.62758266806,
,,142795.9360030069,
,,186947.63471206662,
,,107670.98851619528,
,,146021.93570651152,
,,162566.02631835148,
,,305264.6208585895,
,,173366.0660181591,
,,216151.16397992376,
,,131191.9603066441,
,,156168.54279417367,
,,147290.26421860635,
,,198139.95913077134,
,,135354.81685728318,
,,132396.1825421531,
,,229222.73503884097,
,,259769.03843520212,
,,215187.12793811958,
,,440466.3599611153,
,,198278.74825829215,
,,123872.8783605978,
,,137383.45726080114,
,,147569.8211736058,
,,147660.02566757097,
,,117140.6923104153,
,,97088.73997492799,
,,83996.91138485046,
,,182293.4467189753,
,,226696.03587133327,
,,207470.8713321817,
,,208484.1765594668,
,,243232.2848776497,
,,199662.9133662885,
,,208040.75117537158,
,,183107.57595859945,
,,227012.11470876477,
,,209509.72167234917,
,,246999.61161977376,
,,228635.28945848354,
,,273492.0040500716,
,,266245.9449746094,
,,210593.13672222686,
,,220184.08440648814,
,,187041.96795519692,
,,203008.79272094174,
,,190812.82768192646,
,,179154.86133453436,
,,295702.0094057597,
,,149157.47077142852,
,,147703.41549551586,
,,137372.1826428621,
,,192052.07000514647,
,,181542.31382598146,
,,145455.72774926407,
,,227637.0717706148,
,,219706.89882940607,
,,209024.55828397875,
,,208238.95450268168,
,,196093.736029525,
,,213150.39136086585,
,,210440.93157454173,
,,215164.79750180908,
,,123635.82651651888,
,,166415.06656100077,
,,179043.55534824924,
,,120662.52587951838,
,,133639.57540061514,
,,162181.55989642788,
,,130548.59732527267,
,,138798.78540322176,
,,240242.27711313067,
,,235683.52122665427,
,,212895.8319859817,
,,199822.049955761,
,,251969.37323858036,
,,194244.83602786565,
,,252684.17724944124,
,,278997.267520305,
,,198677.44022595376,
,,221794.43190369857,
,,244613.3439928989,
,,257111.72532388265,
,,234572.7268131945,
,,130713.00208617054,
,,149422.88978609402,
,,230849.44420934704,
,,220321.65505805935,
,,211935.547000352,
,,209537.25126220236,
,,217916.87988513432,
,,187025.45097775062,
,,198646.7123428742,
,,187004.6821896708,
,,194290.44662884396,
,,162360.03403826687,
,,158167.22910193657,
,,166210.45587908782,
,,102455.16998482362,
,,154568.96179830527,
,,108167.18878911185,
,,119813.51831969836,
,,119586.05285780289,
,,109323.93003535665,
,,196654.39083107622,
,,108363.56485879216,
,,212665.4941196781,
,,147913.96904500996,
,,136810.38045441432,
,,151715.7751862735,
,,143228.60328857813,
,,123510.60362153946,
,,122071.87004025816,
,,134350.1874551764,
,,121546.00170926917,
,,100602.46681798005,
,,86820.03695877283,
,,112450.80018254348,
,,87508.29498161722,
,,114732.79491638485,
,,109337.83422481333,
,,115916.31245475501,
,,119263.18566536902,
,,76417.04334624248,
,,127791.84556161736,
,,34452.41239010591,
,,123233.12162357944,
,,145871.38110082425,
,,153342.75352422288,
,,134330.28562205352,
,,140564.40724957877,
,,158426.86510323032,
,,145004.7980810522,
,,158085.61098694548,
,,105426.30062713282,
,,174196.21714638916,
,,210582.79195864472,
,,138734.32961920535,
,,116742.84466164299,
,,152238.51654687957,
,,208773.02646666917,
,,211519.7520643873,
,,190488.0768907237,
,,149600.50050862762,
,,240137.41067662166,
,,239105.05653934847,
,,253466.32435648455,
,,218137.31599144582,
,,213462.60665294828,
,,242270.7463686697,
,,210223.66691504553,
,,257184.7304219184,
,,147912.7103866551,
,,214820.50674266444,
,,105817.29319446335,
,,157786.59477818548,
,,77972.63172145467,
,,79175.83808226752,
,,115980.86800779228,
,,129748.36137945302,
,,102085.28790400707,
,,46702.42801434335,
,,33292.51163534476,
,,108407.64359870391,
,,72765.36427865997,
,,361506.8640809384,
,,270836.6174781737,
,,227524.47317370356,
,,153174.27857032148,
,,224418.89732879875,
,,128672.48200175863,
,,142432.58967835354,
,,177641.2619147305,
,,346656.58099121874,
,,228216.9480460164,
,,237991.33149001887,
,,206549.84496962937,
,,184363.32326624956,
,,169445.31014522456,
,,245825.4900635264,
,,216532.18190395465,
,,342617.000850653,
,,334368.2772538021,
,,378765.4087792725,
,,342615.1540210955,
,,84256.23870113803,
,,225614.79659653397,
,,171349.8845758303,
,,146071.49423941234,
,,89215.69763713575,
,,95643.47363388562,
,,128332.71439234192,
,,161366.69728992283,
,,123604.8472135993,
,,158360.96416215753,
,,78624.38028674295,
,,85685.39120579227,
,,133904.86706313575,
,,87977.17412534602,
,,91566.4942214695,
,,82097.80780196325,
,,86230.8004224876,
,,66168.05762722477,
,,159803.25129652515,
,,189450.92002060893,
,,165264.16561612522,
,,127451.48434917664,
,,144166.86890375515,
,,130241.24501910245,
,,128481.98640184288,
,,158326.64439592056,
,,178762.87907951867,
